,exchange,datetime,orderbook
0,binance,2023-04-20T03:20:19.463Z,"{'ask_size': [25.8783, 0.0014, 0.00045, 0.00071, 0.0007, 0.00653, 0.00071, 0.0007, 0.00071, 0.00693, 0.00071, 0.03, 0.00071, 0.002, 0.005, 0.00117, 0.00071, 0.02865, 0.00044, 0.00071, 0.22254, 0.37091, 0.00071, 0.178, 0.4, 0.00071, 0.002, 0.00115, 0.00071, 0.24667, 0.4, 0.03811, 0.00071, 0.00949, 0.03453, 0.01618, 0.00038, 0.00035, 0.03948, 0.0018, 0.002, 0.00044, 0.11654, 0.19417, 0.00239, 0.40934, 0.68218, 0.03812, 0.05811, 0.15313, 0.00656, 0.16604, 0.00882, 0.00186, 0.03434, 0.00173, 0.0208, 0.1, 0.36405, 0.08889, 0.0019, 0.00537, 0.03105, 0.00044, 0.00658, 0.00039, 0.00173, 0.3909, 0.6514, 0.36403, 0.00766, 0.08977, 0.03447, 0.00489, 0.03478, 0.17704, 0.05, 0.1735, 0.01181, 0.00035, 0.1018, 0.0694, 0.00044, 0.4, 0.00556, 0.24971, 0.4511, 0.0499, 0.4, 0.00647, 0.00173, 0.08095, 0.24969, 0.4161, 0.04453, 0.00037, 0.00065, 0.02375, 0.12276, 0.00035], 'ask': [28823.0, 28823.04, 28823.21, 28823.24, 28823.29, 28823.53, 28823.63, 28823.85, 28824.02, 28824.03, 28824.41, 28824.54, 28824.8, 28824.99, 28825.0, 28825.17, 28825.19, 28825.47, 28825.55, 28825.58, 28825.81, 28825.82, 28825.97, 28826.2, 28826.34, 28826.36, 28826.49, 28826.71, 28826.75, 28826.97, 28826.98, 28826.99, 28827.14, 28827.16, 28827.41, 28827.42, 28827.72, 28827.92, 28827.99, 28828.04, 28828.09, 28828.1, 28828.76, 28828.77, 28828.78, 28828.85, 28828.86, 28828.99, 28829.02, 28829.29, 28829.3, 28829.33, 28829.76, 28829.9, 28829.95, 28829.99, 28830.0, 28830.01, 28830.2, 28830.23, 28830.44, 28830.55, 28830.59, 28830.65, 28830.72, 28830.78, 28830.83, 28830.95, 28830.96, 28831.18, 28831.32, 28831.41, 28831.42, 28831.6, 28831.65, 28831.67, 28831.9, 28832.06, 28832.43, 28832.94, 28833.05, 28833.18, 28833.2, 28833.22, 28833.27, 28834.19, 28834.25, 28834.46, 28834.5, 28834.6, 28834.61, 28834.79, 28834.98, 28834.99, 28835.0, 28835.05, 28835.21, 28835.22, 28835.3, 28835.4], 'bid': [28822.99, 28822.95, 28822.56, 28822.46, 28822.37, 28822.17, 28822.07, 28822.06, 28822.0, 28821.95, 28821.73, 28821.68, 28821.61, 28821.44, 28821.3, 28821.29, 28821.17, 28821.11, 28821.05, 28821.02, 28820.98, 28820.9, 28820.63, 28820.62, 28820.51, 28820.49, 28820.12, 28819.93, 28819.73, 28819.49, 28819.38, 28819.37, 28819.34, 28819.21, 28819.01, 28818.97, 28818.95, 28818.82, 28818.81, 28818.56, 28818.53, 28818.36, 28818.31, 28818.25, 28818.01, 28817.9, 28817.81, 28817.8, 28817.69, 28817.56, 28817.39, 28817.38, 28817.31, 28817.14, 28817.13, 28817.01, 28816.88, 28816.82, 28816.77, 28816.57, 28816.56, 28816.2, 28816.04, 28816.01, 28815.45, 28815.35, 28815.31, 28814.93, 28814.89, 28814.78, 28814.71, 28814.55, 28814.51, 28814.43, 28814.33, 28813.86, 28813.82, 28813.78, 28813.77, 28813.22, 28813.21, 28813.17, 28813.16, 28813.15, 28812.96, 28812.8, 28812.65, 28812.54, 28812.18, 28812.09, 28812.03, 28811.6, 28811.4, 28811.27, 28810.75, 28810.72, 28810.7, 28810.44, 28810.41, 28810.34], 'bid_size': [4.61377, 0.00344, 0.00693, 0.00071, 0.36414, 0.0007, 0.67206, 0.91208, 0.00046, 0.00674, 0.03469, 0.00071, 0.0007, 0.00696, 0.37176, 0.00071, 0.17348, 0.17348, 0.0007, 0.07038, 0.002, 0.00071, 0.104, 0.00634, 0.00071, 0.0007, 0.00071, 0.0007, 0.00071, 0.002, 0.73169, 1.05371, 0.00071, 0.04965, 0.03659, 0.40466, 0.00071, 0.00523, 0.0007, 0.002, 0.03785, 0.00221, 0.00632, 0.0007, 0.03857, 0.00044, 0.51199, 0.48421, 0.0007, 0.76906, 0.4191, 0.02642, 0.80702, 0.16384, 0.0007, 0.03601, 0.19287, 0.0174, 0.00345, 0.2193, 0.04967, 0.36422, 0.03454, 0.0007, 0.0007, 0.00044, 0.00488, 0.00116, 0.0007, 0.1735, 0.0078, 0.00039, 0.011, 0.03096, 0.2007, 0.36425, 0.6, 4.44671, 0.35338, 10.89454, 0.0007, 0.05045, 0.0019, 0.026, 0.00035, 0.00044, 0.0007, 0.17344, 0.5192, 0.0007, 0.4511, 0.08, 0.003, 0.00173, 0.0065, 0.03469, 0.075, 0.11106, 0.15302, 0.01014], 'spread': [0.01, 0.09, 0.65, 0.78, 0.92, 1.36, 1.56, 1.79, 2.02, 2.08, 2.68, 2.86, 3.19, 3.55, 3.7, 3.88, 4.02, 4.36, 4.5, 4.56, 4.83, 4.92, 5.34, 5.58, 5.83, 5.87, 6.37, 6.78, 7.02, 7.48, 7.6, 7.62, 7.8, 7.95, 8.4, 8.45, 8.77, 9.1, 9.18, 9.48, 9.56, 9.74, 10.45, 10.52, 10.77, 10.95, 11.05, 11.19, 11.33, 11.73, 11.91, 11.95, 12.45, 12.76, 12.82, 12.98, 13.12, 13.19, 13.43, 13.66, 13.88, 14.35, 14.55, 14.64, 15.27, 15.43, 15.52, 16.02, 16.07, 16.4, 16.61, 16.86, 16.91, 17.17, 17.32, 17.81, 18.08, 18.28, 18.66, 19.72, 19.84, 20.01, 20.04, 20.07, 20.31, 21.39, 21.6, 21.92, 22.32, 22.51, 22.58, 23.19, 23.58, 23.72, 24.25, 24.33, 24.51, 24.78, 24.89, 25.06], 'closing_price': 28822.99, 'mid_price': 28822.995, 'vwap': 28820.807396, 'levels': 100}"
1,bitfinex,2023-04-20T03:20:41.657Z,"{'ask_size': [0.190762, 0.15, 0.11160896, 0.45830256, 0.26101685, 0.26531688, 0.36495462, 1.82323044, 0.20462827, 0.2247061, 0.35013049, 0.201512, 0.39152112, 1.26529846, 0.32124299, 0.64652031, 1.05025773, 0.01810676, 0.15192964, 0.97021989, 0.001, 1.213583, 1.61353853, 0.25929738, 3.00248997], 'ask': [28827.0, 28829.0, 28830.0, 28832.0, 28833.0, 28834.0, 28835.0, 28836.0, 28837.0, 28838.0, 28839.0, 28840.0, 28842.0, 28844.0, 28845.0, 28847.0, 28848.0, 28849.0, 28850.0, 28851.0, 28852.0, 28853.0, 28854.0, 28855.0, 28856.0], 'bid': [28824.0, 28822.0, 28821.0, 28820.0, 28819.0, 28818.0, 28817.0, 28816.0, 28815.0, 28814.0, 28813.0, 28812.0, 28811.0, 28810.0, 28808.0, 28807.0, 28806.0, 28805.0, 28804.0, 28803.0, 28802.0, 28800.0, 28799.0, 28797.0, 28795.0], 'bid_size': [0.0798, 0.05, 0.171388, 0.0802, 0.0935434, 1.52378, 0.1, 0.38805632, 0.23728777, 0.37365614, 0.28713464, 0.79036752, 0.47600428, 1.32075983, 0.47286046, 0.03418586, 0.0927, 0.35526022, 0.782919, 0.0904895, 0.40701053, 0.58939085, 0.11, 1.6478965, 0.74527121], 'spread': [3.0, 7.0, 9.0, 12.0, 14.0, 16.0, 18.0, 20.0, 22.0, 24.0, 26.0, 28.0, 31.0, 34.0, 37.0, 40.0, 42.0, 44.0, 46.0, 48.0, 50.0, 53.0, 55.0, 58.0, 61.0], 'closing_price': 3870.1, 'mid_price': 28825.5, 'vwap': 28830.144205, 'levels': 25}"
2,kraken,2023-04-20T03:20:22.197Z,"{'ask_size': [0.07, 0.002, 0.007, 0.05, 0.003, 0.076, 0.075, 0.025, 0.04, 0.607, 0.001, 0.15, 0.278, 0.3, 0.075, 0.235, 0.433, 0.181, 0.075, 3.365, 0.001, 0.386, 0.075, 0.001, 0.607, 0.367, 0.075, 0.037, 0.174, 0.001, 0.597, 0.075, 0.365, 0.075, 0.596, 0.607, 0.034, 0.001, 0.075, 0.685, 0.677, 0.101, 0.075, 0.001, 1.223, 0.607, 0.001, 0.001, 0.001, 1.048, 0.09, 0.01, 0.454, 0.441, 0.001, 0.001, 0.042, 0.811, 0.55, 0.001, 0.001, 0.031, 0.01, 7.124, 2.3, 0.001, 0.001, 0.001, 0.001, 0.039, 2.963, 0.052, 2.454, 0.001, 0.056, 1.989, 0.001, 1.388, 0.001, 0.003, 0.003, 1.016, 0.001, 0.001, 0.001, 0.001, 4.639, 0.001, 0.001, 0.001, 0.002, 0.001, 0.002, 0.001, 0.001, 0.001, 0.991, 0.001, 0.001, 0.001], 'ask': [28823.9, 28824.0, 28827.8, 28827.9, 28828.1, 28828.8, 28828.9, 28829.3, 28829.6, 28830.4, 28830.5, 28831.6, 28832.3, 28832.4, 28832.5, 28833.7, 28834.8, 28834.9, 28835.6, 28836.0, 28836.7, 28839.3, 28840.6, 28841.4, 28842.0, 28845.3, 28845.7, 28847.1, 28848.2, 28849.3, 28849.4, 28850.9, 28851.2, 28853.8, 28854.3, 28856.5, 28858.3, 28858.4, 28858.7, 28859.4, 28859.8, 28861.2, 28863.0, 28863.7, 28863.8, 28865.1, 28866.6, 28868.0, 28870.3, 28877.6, 28878.8, 28883.3, 28886.2, 28888.6, 28891.5, 28891.7, 28894.6, 28896.0, 28898.6, 28898.7, 28903.5, 28905.6, 28906.8, 28906.9, 28907.0, 28907.2, 28908.2, 28908.8, 28910.1, 28912.7, 28914.1, 28928.1, 28929.5, 28939.5, 28942.8, 28949.5, 28950.7, 28952.2, 28953.7, 28954.1, 28957.4, 28969.5, 28970.3, 28975.5, 28976.3, 28982.5, 28984.9, 28994.3, 28996.8, 28997.4, 28999.6, 29000.7, 29026.3, 29035.4, 29037.3, 29038.0, 29039.2, 29041.1, 29043.1, 29044.0], 'bid': [28820.0, 28819.9, 28818.8, 28818.7, 28818.0, 28817.9, 28817.8, 28816.3, 28815.7, 28813.5, 28813.4, 28811.4, 28810.8, 28809.7, 28809.6, 28808.6, 28808.0, 28807.8, 28807.3, 28807.2, 28807.1, 28806.5, 28806.4, 28805.6, 28804.7, 28804.0, 28802.4, 28800.9, 28798.6, 28798.0, 28797.2, 28797.1, 28797.0, 28795.1, 28794.7, 28793.7, 28793.6, 28793.4, 28792.8, 28790.3, 28789.0, 28788.9, 28787.0, 28785.8, 28784.1, 28779.9, 28776.5, 28776.4, 28776.0, 28773.5, 28773.2, 28770.8, 28770.6, 28767.7, 28766.0, 28762.8, 28760.5, 28760.2, 28758.5, 28758.1, 28756.7, 28756.4, 28754.5, 28753.7, 28753.1, 28751.7, 28751.2, 28750.7, 28750.3, 28746.2, 28744.8, 28741.5, 28741.4, 28740.0, 28736.3, 28732.5, 28732.1, 28731.1, 28724.0, 28722.6, 28705.6, 28704.2, 28703.8, 28703.7, 28703.5, 28702.3, 28700.0, 28688.3, 28685.5, 28674.8, 28664.5, 28658.9, 28651.3, 28645.1, 28642.3, 28637.6, 28632.7, 28615.8, 28613.0, 28611.6], 'bid_size': [0.12, 0.09, 0.297, 0.607, 0.002, 0.009, 0.15, 0.018, 0.005, 0.15, 0.075, 0.3, 0.006, 0.07, 0.115, 0.04, 0.04, 0.04, 0.04, 0.019, 0.04, 0.174, 0.409, 0.04, 0.075, 0.608, 0.019, 0.075, 0.016, 0.075, 0.001, 0.181, 0.023, 0.075, 0.069, 2.836, 0.83, 0.685, 0.386, 0.075, 0.608, 0.367, 0.001, 0.075, 0.037, 0.075, 0.078, 0.075, 0.597, 0.075, 0.545, 0.559, 0.075, 0.609, 0.075, 0.075, 0.073, 0.629, 0.075, 0.007, 1.223, 0.011, 0.011, 0.075, 0.461, 0.015, 0.02, 0.952, 0.075, 0.015, 0.075, 0.815, 0.023, 0.075, 0.075, 0.027, 0.075, 0.08, 0.031, 2.963, 0.035, 2.433, 0.001, 0.082, 2.3, 0.09, 0.002, 0.001, 0.001, 1.81, 0.003, 0.001, 0.095, 0.001, 0.001, 0.001, 0.001, 0.001, 0.056, 1.989], 'spread': [3.9, 4.1, 9.0, 9.2, 10.1, 10.9, 11.1, 13.0, 13.9, 16.9, 17.1, 20.2, 21.5, 22.7, 22.9, 25.1, 26.8, 27.1, 28.3, 28.8, 29.6, 32.8, 34.2, 35.8, 37.3, 41.3, 43.3, 46.2, 49.6, 51.3, 52.2, 53.8, 54.2, 58.7, 59.6, 62.8, 64.7, 65.0, 65.9, 69.1, 70.8, 72.3, 76.0, 77.9, 79.7, 85.2, 90.1, 91.6, 94.3, 104.1, 105.6, 112.5, 115.6, 120.9, 125.5, 128.9, 134.1, 135.8, 140.1, 140.6, 146.8, 149.2, 152.3, 153.2, 153.9, 155.5, 157.0, 158.1, 159.8, 166.5, 169.3, 186.6, 188.1, 199.5, 206.5, 217.0, 218.6, 221.1, 229.7, 231.5, 251.8, 265.3, 266.5, 271.8, 272.8, 280.2, 284.9, 306.0, 311.3, 322.6, 335.1, 341.8, 375.0, 390.3, 395.0, 400.4, 406.5, 425.3, 430.1, 432.4], 'closing_price': 28804.7, 'mid_price': 28821.95, 'vwap': 28838.157233, 'levels': 100}"
3,binance,2023-04-20T03:20:54.307Z,"{'ask_size': [9.1926, 0.05, 1.7577, 0.0429, 0.0219, 0.533, 0.0109, 2.1, 0.791, 2.5186, 2.1023, 0.0848, 0.0185, 0.6362, 0.1801, 0.0109, 12.8642, 11.8611, 5.3086, 0.0109, 1.1505, 0.0485, 0.7412, 3.6666, 12.9845, 4.8162, 2.9635, 0.2259, 1.3348, 1.7598, 0.0351, 2.165, 1.9743, 0.0185, 1.0, 12.0503, 1.4824, 16.9124, 0.0109, 4.7803, 0.59, 0.7571, 0.5349, 2.2235, 28.9797, 60.0869, 2.2235, 2.0609, 1.9467, 3.3149, 1.2227, 3.1179, 1.1, 10.0198, 0.1208, 0.1543, 0.025, 4.63, 6.4488, 0.0114, 0.8641, 0.0203, 1.2106, 0.0116, 0.0092, 0.0167, 2.0922, 0.0483, 0.8091, 0.0312, 1.543, 1.6448, 0.01, 0.1929, 0.7552, 1.1663, 0.0076, 1.2547, 2.0819, 1.0285, 0.015, 0.0058, 0.006, 0.3067, 1.6691, 0.0549, 6.2286, 1.9938, 10.3616, 0.0076, 0.9009, 0.5485, 0.0067, 0.1285, 0.0232, 0.4668, 2.5374, 9.3026, 3.6375, 1.6224], 'ask': [1944.55, 1944.56, 1944.58, 1944.6, 1944.61, 1944.62, 1944.64, 1944.66, 1944.7, 1944.72, 1944.74, 1944.75, 1944.76, 1944.77, 1944.81, 1944.82, 1944.83, 1944.84, 1944.85, 1944.88, 1944.89, 1944.94, 1944.95, 1944.96, 1944.97, 1945.0, 1945.01, 1945.02, 1945.06, 1945.07, 1945.09, 1945.1, 1945.11, 1945.12, 1945.14, 1945.15, 1945.16, 1945.17, 1945.18, 1945.19, 1945.2, 1945.22, 1945.23, 1945.24, 1945.25, 1945.26, 1945.27, 1945.3, 1945.31, 1945.32, 1945.33, 1945.34, 1945.37, 1945.38, 1945.4, 1945.41, 1945.42, 1945.43, 1945.44, 1945.45, 1945.46, 1945.47, 1945.48, 1945.49, 1945.5, 1945.51, 1945.52, 1945.54, 1945.55, 1945.58, 1945.59, 1945.6, 1945.61, 1945.62, 1945.63, 1945.64, 1945.66, 1945.7, 1945.71, 1945.72, 1945.73, 1945.74, 1945.76, 1945.77, 1945.78, 1945.79, 1945.8, 1945.81, 1945.83, 1945.84, 1945.85, 1945.86, 1945.87, 1945.88, 1945.89, 1945.9, 1945.91, 1945.92, 1945.95, 1945.97], 'bid': [1944.54, 1944.44, 1944.43, 1944.4, 1944.38, 1944.36, 1944.34, 1944.33, 1944.32, 1944.31, 1944.3, 1944.29, 1944.28, 1944.27, 1944.26, 1944.25, 1944.23, 1944.22, 1944.2, 1944.18, 1944.16, 1944.15, 1944.14, 1944.11, 1944.1, 1944.04, 1944.03, 1944.01, 1944.0, 1943.98, 1943.97, 1943.94, 1943.93, 1943.92, 1943.91, 1943.88, 1943.87, 1943.86, 1943.84, 1943.81, 1943.8, 1943.79, 1943.75, 1943.71, 1943.68, 1943.67, 1943.65, 1943.64, 1943.62, 1943.6, 1943.58, 1943.55, 1943.54, 1943.53, 1943.52, 1943.51, 1943.5, 1943.47, 1943.46, 1943.45, 1943.44, 1943.42, 1943.41, 1943.4, 1943.39, 1943.33, 1943.32, 1943.28, 1943.26, 1943.25, 1943.24, 1943.23, 1943.22, 1943.21, 1943.2, 1943.19, 1943.18, 1943.15, 1943.14, 1943.11, 1943.09, 1943.06, 1943.05, 1943.04, 1943.03, 1943.01, 1943.0, 1942.98, 1942.96, 1942.94, 1942.93, 1942.92, 1942.88, 1942.86, 1942.85, 1942.84, 1942.83, 1942.82, 1942.8, 1942.78], 'bid_size': [29.3601, 0.0273, 0.1627, 0.2824, 2.519, 1.0835, 0.0109, 6.9829, 7.1181, 2.5713, 11.7965, 6.0311, 2.2821, 5.8821, 1.0, 9.8746, 1.0854, 0.0185, 0.2599, 1.853, 6.5758, 0.399, 6.6064, 9.5699, 0.0109, 0.0185, 0.0848, 1.0984, 1.8293, 7.8229, 11.6446, 0.3301, 0.03, 0.9622, 5.3569, 9.1253, 3.4896, 14.9007, 1.5108, 0.2984, 9.5859, 0.5145, 0.6765, 0.5032, 0.0076, 0.8294, 0.4881, 0.025, 2.0485, 2.0563, 0.2505, 0.2505, 3.3374, 1.5654, 5.5614, 0.0052, 0.0076, 0.1, 0.8975, 1.7651, 0.2997, 1.4118, 0.1387, 1.3502, 0.7412, 0.1315, 0.0076, 1.1583, 0.6168, 1.4824, 0.8764, 3.3779, 4.63, 0.5149, 1.852, 36.3537, 60.5896, 0.9748, 0.8589, 1.1, 0.5403, 0.01, 0.0573, 0.7412, 1.6118, 9.2582, 15.429, 2.1052, 0.0076, 0.3232, 36.1139, 80.3439, 0.1, 0.909, 0.9128, 1.0181, 0.0803, 1.7303, 0.3004, 3.7578], 'spread': [0.01, 0.12, 0.15, 0.2, 0.23, 0.26, 0.3, 0.33, 0.38, 0.41, 0.44, 0.46, 0.48, 0.5, 0.55, 0.57, 0.6, 0.62, 0.65, 0.7, 0.73, 0.79, 0.81, 0.85, 0.87, 0.96, 0.98, 1.01, 1.06, 1.09, 1.12, 1.16, 1.18, 1.2, 1.23, 1.27, 1.29, 1.31, 1.34, 1.38, 1.4, 1.43, 1.48, 1.53, 1.57, 1.59, 1.62, 1.66, 1.69, 1.72, 1.75, 1.79, 1.83, 1.85, 1.88, 1.9, 1.92, 1.96, 1.98, 2.0, 2.02, 2.05, 2.07, 2.09, 2.11, 2.18, 2.2, 2.26, 2.29, 2.33, 2.35, 2.37, 2.39, 2.41, 2.43, 2.45, 2.48, 2.55, 2.57, 2.61, 2.64, 2.68, 2.71, 2.73, 2.75, 2.78, 2.8, 2.83, 2.87, 2.9, 2.92, 2.94, 2.99, 3.02, 3.04, 3.06, 3.08, 3.1, 3.15, 3.19], 'closing_price': 1944.55, 'mid_price': 1944.545, 'vwap': 1944.177175, 'levels': 100}"
4,bitfinex,2023-04-20T03:21:12.401Z,"{'ask_size': [3.5973, 2.19558735, 0.8027098, 3.59687, 2.1548567, 1.2301, 2.77215, 1.2455, 8.80225592, 7.6961, 12.81995336, 7.1907, 10.36526171, 10.85836288, 1.59742021, 3.30722768, 20.01575226, 5.06492395, 3.15103951, 1.5, 2.41639034, 0.04163386, 2.66236702, 3.5, 2.9397563], 'ask': [1945.1, 1945.2, 1945.3, 1945.4, 1945.5, 1945.6, 1945.7, 1945.8, 1945.9, 1946.0, 1946.1, 1946.2, 1946.3, 1946.4, 1946.5, 1946.8, 1946.9, 1947.0, 1947.2, 1947.3, 1947.6, 1947.7, 1948.0, 1948.1, 1948.3], 'bid': [1945.0, 1944.9, 1944.8, 1944.7, 1944.6, 1944.5, 1944.4, 1944.3, 1944.2, 1944.1, 1944.0, 1943.9, 1943.8, 1943.6, 1943.5, 1943.4, 1943.3, 1943.2, 1943.1, 1943.0, 1942.9, 1942.8, 1942.7, 1942.5, 1942.3], 'bid_size': [0.12, 0.06108192, 3.59784, 0.5, 3.59811, 1.057, 3.02997, 5.5339793, 6.72601457, 1.09804044, 13.88632477, 4.20076021, 6.52033629, 9.517, 1.08465052, 8.5437172, 0.13142221, 18.00371, 3.80949919, 4.43667072, 0.51207711, 1.51550548, 4.59105128, 0.12941224, 5.69405302], 'spread': [0.1, 0.3, 0.5, 0.7, 0.9, 1.1, 1.3, 1.5, 1.7, 1.9, 2.1, 2.3, 2.5, 2.8, 3.0, 3.4, 3.6, 3.8, 4.1, 4.3, 4.7, 4.9, 5.3, 5.6, 6.0], 'closing_price': 133.5, 'mid_price': 1945.05, 'vwap': 1945.116887, 'levels': 25}"
5,kraken,2023-04-20T03:20:52.362Z,"{'ask_size': [0.7, 0.784, 0.7, 9.689, 0.7, 4.388, 0.298, 8.996, 1.0, 0.04, 0.25, 0.7, 0.032, 5.0, 5.478, 0.7, 4.364, 10.0, 8.993, 0.7, 14.415, 0.7, 0.537, 6.929, 0.7, 0.016, 13.716, 0.016, 8.989, 0.7, 0.305, 0.7, 4.289, 1.23, 10.61, 0.014, 0.7, 0.775, 0.7, 1.075, 6.472, 0.7, 5.086, 8.983, 0.83, 0.7, 0.7, 0.7, 4.966, 0.7, 0.7, 0.206, 0.7, 4.39, 0.083, 0.043, 0.781, 0.576, 39.138, 12.0, 0.822, 4.276, 0.699, 27.563, 0.019, 0.04, 35.52, 24.839, 16.422, 0.014, 0.024, 0.016, 0.025, 16.422, 0.042, 0.04, 0.072, 0.074, 0.019, 0.03, 0.072, 0.036, 0.057, 10.935, 0.014, 0.04, 0.025, 0.016, 0.088, 0.042, 0.019, 10.085, 5.453, 0.014, 0.039, 42.896, 0.025, 0.066, 0.042, 0.016], 'ask': [1944.36, 1944.4, 1944.41, 1944.5, 1944.62, 1944.66, 1944.67, 1944.7, 1944.74, 1944.76, 1944.83, 1944.96, 1944.98, 1945.02, 1945.03, 1945.16, 1945.18, 1945.22, 1945.29, 1945.41, 1945.43, 1945.62, 1945.66, 1945.91, 1945.93, 1945.96, 1945.98, 1946.05, 1946.06, 1946.13, 1946.37, 1946.38, 1946.42, 1946.46, 1946.49, 1946.56, 1946.65, 1946.9, 1947.02, 1947.04, 1947.24, 1947.3, 1947.39, 1947.48, 1947.54, 1947.66, 1947.86, 1948.19, 1948.33, 1948.48, 1948.69, 1948.83, 1948.93, 1949.01, 1949.24, 1949.34, 1949.68, 1949.69, 1949.78, 1949.79, 1949.85, 1950.12, 1950.2, 1950.3, 1950.4, 1952.06, 1952.74, 1952.94, 1954.97, 1955.67, 1955.79, 1956.89, 1957.12, 1958.38, 1959.14, 1959.38, 1959.62, 1960.12, 1961.12, 1961.26, 1963.0, 1963.15, 1963.46, 1963.91, 1964.82, 1966.73, 1967.53, 1967.87, 1968.07, 1968.99, 1971.91, 1971.99, 1972.0, 1974.01, 1974.11, 1976.56, 1978.0, 1978.16, 1978.89, 1978.92], 'bid': [1944.22, 1944.21, 1944.19, 1943.8, 1943.77, 1943.76, 1943.75, 1943.66, 1943.65, 1943.58, 1943.51, 1943.5, 1943.45, 1943.41, 1943.3, 1943.28, 1943.27, 1943.13, 1943.07, 1942.92, 1942.83, 1942.62, 1942.53, 1942.49, 1942.32, 1942.3, 1942.27, 1942.26, 1942.06, 1941.87, 1941.86, 1941.8, 1941.79, 1941.74, 1941.56, 1941.46, 1941.31, 1941.2, 1941.06, 1940.5, 1940.49, 1940.05, 1939.67, 1939.36, 1939.26, 1939.09, 1938.99, 1938.93, 1938.91, 1938.83, 1938.46, 1938.45, 1938.44, 1938.33, 1938.23, 1937.17, 1937.05, 1936.58, 1935.39, 1935.24, 1935.0, 1931.36, 1926.68, 1924.53, 1924.52, 1924.22, 1923.82, 1923.09, 1923.01, 1923.0, 1922.9, 1922.38, 1922.35, 1921.82, 1921.48, 1921.17, 1920.37, 1920.01, 1920.0, 1918.43, 1918.22, 1918.01, 1917.77, 1917.43, 1917.03, 1915.34, 1915.0, 1914.89, 1914.2, 1913.51, 1913.39, 1912.49, 1911.22, 1911.21, 1910.86, 1910.56, 1910.0, 1909.97, 1908.56, 1908.0], 'bid_size': [0.25, 8.998, 0.026, 0.7, 1.0, 5.0, 1.413, 1.0, 10.0, 9.001, 1.0, 0.7, 1.0, 1.568, 1.0, 0.7, 0.259, 1.0, 0.7, 4.87, 0.7, 9.005, 0.7, 1.23, 2.291, 1.998, 0.353, 0.7, 0.7, 1.05, 9.009, 0.7, 0.537, 0.374, 0.7, 10.61, 0.7, 0.337, 1.075, 1.157, 4.364, 6.715, 4.248, 0.797, 0.775, 0.335, 4.299, 0.791, 4.279, 5.304, 0.44, 0.516, 1.092, 7.926, 13.716, 0.758, 1.696, 11.9, 22.562, 27.563, 35.41, 16.422, 0.016, 9.026, 16.422, 0.04, 0.026, 0.089, 0.019, 1.027, 0.049, 0.013, 0.014, 0.053, 0.053, 0.027, 0.011, 0.952, 0.018, 0.057, 0.016, 0.017, 50.0, 10.935, 0.04, 0.026, 0.303, 0.14, 0.043, 0.027, 0.051, 0.019, 0.138, 0.053, 0.053, 0.079, 9.0, 5.453, 49.572, 0.21], 'spread': [0.14, 0.19, 0.22, 0.7, 0.85, 0.9, 0.92, 1.04, 1.09, 1.18, 1.32, 1.46, 1.53, 1.61, 1.73, 1.88, 1.91, 2.09, 2.22, 2.49, 2.6, 3.0, 3.13, 3.42, 3.61, 3.66, 3.71, 3.79, 4.0, 4.26, 4.51, 4.58, 4.63, 4.72, 4.93, 5.1, 5.34, 5.7, 5.96, 6.54, 6.75, 7.25, 7.72, 8.12, 8.28, 8.57, 8.87, 9.26, 9.42, 9.65, 10.23, 10.38, 10.49, 10.68, 11.01, 12.17, 12.63, 13.11, 14.39, 14.55, 14.85, 18.76, 23.52, 25.77, 25.88, 27.84, 28.92, 29.85, 31.96, 32.67, 32.89, 34.51, 34.77, 36.56, 37.66, 38.21, 39.25, 40.11, 41.12, 42.83, 44.78, 45.14, 45.69, 46.48, 47.79, 51.39, 52.53, 52.98, 53.87, 55.48, 58.52, 59.5, 60.78, 62.8, 63.25, 66.0, 68.0, 68.19, 70.33, 70.92], 'closing_price': 1944.48, 'mid_price': 1944.29, 'vwap': 1941.57307, 'levels': 100}"
6,binance,2023-04-20T03:21:19.536Z,"{'ask_size': [288233.8, 14506.5, 48170.7, 62319.6, 16189.8, 22650.6, 21013.9, 193546.1, 24286.1, 60563.0, 12406.8, 24212.0, 8859.4, 3434.0, 202896.4, 5407.7, 7730.5, 6121.7, 119319.4, 265555.0, 11348.0, 149368.2, 3490.2, 2933.2, 21907.5, 245.5, 2340.6, 990.5, 10920.4, 61.4, 129281.2, 477.8, 71897.0, 526.1, 621.7, 1247.2, 995.2, 22488.6, 18368.8, 475.6, 91.9, 234.5, 5107.7, 5643.8, 178.6, 4935.2, 642.0, 1166.9, 3237.4, 5165.7, 1084.7, 3500.2, 516.6, 9119.7, 448.4, 829.4, 12339.5, 2323.1, 3607.3, 1102.4, 12739.2, 1673.5, 1130.9, 1046.0, 688.6, 1127.0, 4509.2, 13514.9, 2408.1, 390.8, 481.3, 2099.6, 55767.3, 34235.9, 21227.1, 1554.9, 642.4, 78936.5, 38528.1, 536.3, 397.3, 1680.6, 3235.5, 2872.3, 2464.1, 9485.4, 2448.7, 3442.1, 3924.7, 216.0, 563.7, 1094.0, 2002.5, 2998.7, 7180.7, 340.6, 348.1, 17791.5, 13367.8, 1055.5], 'ask': [0.4172, 0.4173, 0.4174, 0.4175, 0.4176, 0.4177, 0.4178, 0.4179, 0.418, 0.4181, 0.4182, 0.4183, 0.4184, 0.4185, 0.4186, 0.4187, 0.4188, 0.4189, 0.419, 0.4191, 0.4192, 0.4193, 0.4194, 0.4195, 0.4196, 0.4197, 0.4198, 0.4199, 0.42, 0.4201, 0.4202, 0.4203, 0.4204, 0.4205, 0.4206, 0.4207, 0.4208, 0.4209, 0.421, 0.4211, 0.4212, 0.4213, 0.4214, 0.4215, 0.4216, 0.4217, 0.4218, 0.4219, 0.422, 0.4221, 0.4222, 0.4223, 0.4224, 0.4225, 0.4226, 0.4227, 0.4228, 0.4229, 0.423, 0.4231, 0.4232, 0.4233, 0.4234, 0.4235, 0.4236, 0.4237, 0.4238, 0.4239, 0.424, 0.4241, 0.4242, 0.4243, 0.4244, 0.4245, 0.4246, 0.4247, 0.4248, 0.4249, 0.425, 0.4251, 0.4252, 0.4253, 0.4254, 0.4255, 0.4256, 0.4257, 0.4258, 0.4259, 0.426, 0.4261, 0.4262, 0.4263, 0.4264, 0.4265, 0.4266, 0.4267, 0.4268, 0.4269, 0.427, 0.4271], 'bid': [0.4171, 0.417, 0.4169, 0.4168, 0.4167, 0.4166, 0.4165, 0.4164, 0.4163, 0.4162, 0.4161, 0.416, 0.4159, 0.4158, 0.4157, 0.4156, 0.4155, 0.4154, 0.4153, 0.4152, 0.4151, 0.415, 0.4149, 0.4148, 0.4147, 0.4146, 0.4145, 0.4144, 0.4143, 0.4142, 0.4141, 0.414, 0.4139, 0.4137, 0.4136, 0.4135, 0.4134, 0.4133, 0.4132, 0.4131, 0.413, 0.4129, 0.4128, 0.4127, 0.4126, 0.4125, 0.4124, 0.4123, 0.4122, 0.4121, 0.412, 0.4119, 0.4118, 0.4117, 0.4116, 0.4115, 0.4114, 0.4113, 0.4112, 0.4111, 0.411, 0.4109, 0.4108, 0.4107, 0.4106, 0.4105, 0.4104, 0.4103, 0.4102, 0.4101, 0.41, 0.4099, 0.4098, 0.4097, 0.4096, 0.4095, 0.4094, 0.4093, 0.4092, 0.4091, 0.409, 0.4089, 0.4088, 0.4087, 0.4086, 0.4085, 0.4084, 0.4083, 0.4082, 0.4081, 0.408, 0.4079, 0.4078, 0.4077, 0.4076, 0.4075, 0.4074, 0.4073, 0.4072, 0.4071], 'bid_size': [34629.8, 50454.6, 29462.7, 36632.5, 28922.6, 41068.4, 43878.7, 92441.9, 93473.6, 99958.2, 181216.7, 32973.4, 20876.5, 19052.5, 70427.2, 23467.3, 60304.6, 30900.7, 346385.4, 27906.0, 16561.4, 22433.9, 110215.2, 16247.1, 102600.6, 146636.1, 9171.7, 1493.2, 24805.0, 1010.6, 101752.7, 368.7, 787.2, 5229.9, 12576.7, 303.8, 661.1, 368.7, 1617.3, 335.3, 272.3, 963.1, 476.9, 39691.9, 3998.0, 358205.7, 1665.6, 437.8, 8210.4, 3017.2, 9918.8, 6094.3, 49173.9, 7806.8, 370.0, 460.2, 805.8, 1709.5, 1252.9, 769.9, 3391.0, 748.8, 1486.4, 1162.6, 48049.2, 6195.6, 12748.3, 677.5, 232.9, 1025.7, 121862.9, 991.7, 7943.8, 279.5, 660.0, 511.9, 1476.3, 4377.2, 1614.7, 363.3, 8168.7, 587.8, 707.4, 750.9, 420.9, 40565.8, 1660.3, 923.6, 940.9, 946.9, 12980.3, 2092.4, 481.4, 8790.5, 25892.2, 2312.3, 6372.0, 15203.3, 3099.2, 17646.7], 'spread': [0.0001, 0.0003, 0.0005, 0.0007, 0.0009, 0.0011, 0.0013, 0.0015, 0.0017, 0.0019, 0.0021, 0.0023, 0.0025, 0.0027, 0.0029, 0.0031, 0.0033, 0.0035, 0.0037, 0.0039, 0.0041, 0.0043, 0.0045, 0.0047, 0.0049, 0.0051, 0.0053, 0.0055, 0.0057, 0.0059, 0.0061, 0.0063, 0.0065, 0.0068, 0.007, 0.0072, 0.0074, 0.0076, 0.0078, 0.008, 0.0082, 0.0084, 0.0086, 0.0088, 0.009, 0.0092, 0.0094, 0.0096, 0.0098, 0.01, 0.0102, 0.0104, 0.0106, 0.0108, 0.011, 0.0112, 0.0114, 0.0116, 0.0118, 0.012, 0.0122, 0.0124, 0.0126, 0.0128, 0.013, 0.0132, 0.0134, 0.0136, 0.0138, 0.014, 0.0142, 0.0144, 0.0146, 0.0148, 0.015, 0.0152, 0.0154, 0.0156, 0.0158, 0.016, 0.0162, 0.0164, 0.0166, 0.0168, 0.017, 0.0172, 0.0174, 0.0176, 0.0178, 0.018, 0.0182, 0.0184, 0.0186, 0.0188, 0.019, 0.0192, 0.0194, 0.0196, 0.0198, 0.02], 'closing_price': 0.4172, 'mid_price': 0.41715, 'vwap': 0.416633, 'levels': 100}"
7,bitfinex,2023-04-20T03:21:40.091Z,"{'ask_size': [1198.5, 4541.19912461, 2396.0, 1735.99677119, 3504.02837609, 1772.26483371, 7465.85030212, 3592.8, 7608.05675219, 1789.69294579, 23103.02232342, 8728.4342891, 2708.5179, 10495.31287319, 1767.67535019, 6551.0, 12241.88690938, 15548.85224972, 14200.06571208, 9779.0, 16642.0, 17715.68051193, 11960.7, 5496.00336114, 11686.08941252], 'ask': [0.41701, 0.41717, 0.41718, 0.4172, 0.41725, 0.41726, 0.41729, 0.41733, 0.41734, 0.41737, 0.41739, 0.4174, 0.41743, 0.41745, 0.4175, 0.41751, 0.41752, 0.41754, 0.41761, 0.41769, 0.41773, 0.41779, 0.41787, 0.41796, 0.41797], 'bid': [0.41682, 0.41681, 0.4168, 0.41678, 0.41677, 0.41672, 0.41671, 0.41668, 0.41664, 0.41662, 0.41657, 0.41656, 0.41655, 0.41653, 0.41652, 0.41651, 0.41644, 0.41642, 0.41641, 0.4164, 0.41639, 0.41638, 0.41636, 0.41635, 0.41633], 'bid_size': [1000.0, 1596.0, 600.0, 1000.0, 1799.31449967, 1000.0, 4785.38057217, 5375.38066217, 1823.96059058, 7166.52527737, 8957.78240439, 1309.1663671, 6551.0, 1774.88084505, 10749.42663988, 2399.8, 12558.25093769, 2389.0, 2372.22841305, 2984.1046, 6476.4267, 9779.0, 2502.88138746, 14332.50008171, 11022.71131165], 'spread': [0.00019, 0.00036, 0.00038, 0.00042, 0.00048, 0.00054, 0.00058, 0.00065, 0.0007, 0.00075, 0.00082, 0.00084, 0.00088, 0.00092, 0.00098, 0.001, 0.00108, 0.00112, 0.0012, 0.00129, 0.00134, 0.00141, 0.00151, 0.00161, 0.00164], 'closing_price': 0.14233, 'mid_price': 0.416915, 'vwap': 0.417162, 'levels': 25}"
8,kraken,2023-04-20T03:21:21.221Z,"{'ask_size': [22.202, 5000.0, 3592.97, 1512.014, 4372.252, 530.0, 862.581, 2502.215, 2299.0, 17928.774, 3590.747, 737.629, 2895.447, 4305.126, 16566.97, 3590.098, 800.0, 707.09, 47.955, 7401.52, 3587.269, 13778.178, 64.141, 2521.677, 3585.319, 17560.83, 433.234, 3583.647, 70.633, 22.106, 1733.144, 11829.511, 8801.649, 22.5, 3032.633, 118.165, 958.01, 22.01, 70.254, 85.443, 31287.568, 4338.899, 7121.675, 7121.258, 27.613, 173.005, 63.518, 21.915, 69.877, 326.4, 26.994, 84.918, 117.067, 257.376, 21.82, 37.02, 69.488, 66.122, 21.725, 145.833, 62.901, 84.396, 11119.99, 237.023, 10274.236, 69.115, 115.979, 21.631, 27.202, 12155.267, 83.878, 2039.401, 5602.811, 35679.233, 395.533, 321.421, 21.538, 68.745, 36.519, 70.655, 14731.99, 62.29, 2050.091, 3863.891, 4996.443, 169.395, 21.445, 83.363, 114.901, 48.615, 234.418, 65.141, 6497.883, 68.376, 3741.005, 70.604, 15790.18, 21.352, 85.229, 113.607], 'ask': [0.417094, 0.417298, 0.41731, 0.417381, 0.417388, 0.417438, 0.417469, 0.417477, 0.417556, 0.417557, 0.417568, 0.417585, 0.417611, 0.417625, 0.41764, 0.417643, 0.417701, 0.41788, 0.417909, 0.41791, 0.417973, 0.417984, 0.418135, 0.418187, 0.4182, 0.41821, 0.418374, 0.418395, 0.418599, 0.418906, 0.419023, 0.419044, 0.419445, 0.419476, 0.419961, 0.419988, 0.420208, 0.420727, 0.420857, 0.421322, 0.421674, 0.421675, 0.421696, 0.421712, 0.421834, 0.422135, 0.422237, 0.422556, 0.423126, 0.423371, 0.423626, 0.423926, 0.423927, 0.424181, 0.424392, 0.424458, 0.425409, 0.425611, 0.426236, 0.426351, 0.426379, 0.426546, 0.427108, 0.427252, 0.427297, 0.427703, 0.427903, 0.428088, 0.4282, 0.428468, 0.429183, 0.429587, 0.429591, 0.429607, 0.4298, 0.429929, 0.429948, 0.43001, 0.430273, 0.430407, 0.430423, 0.430561, 0.430614, 0.430809, 0.431075, 0.431132, 0.431816, 0.431836, 0.431917, 0.431968, 0.431999, 0.432019, 0.432109, 0.43233, 0.432398, 0.432524, 0.432525, 0.433692, 0.43403, 0.4341], 'bid': [0.417029, 0.417019, 0.416978, 0.416912, 0.416864, 0.416863, 0.416778, 0.416531, 0.41653, 0.416515, 0.416514, 0.416467, 0.416423, 0.416355, 0.416315, 0.416287, 0.41618, 0.41615, 0.416148, 0.41604, 0.416027, 0.416025, 0.416006, 0.415955, 0.41563, 0.415554, 0.415521, 0.4155, 0.414972, 0.414951, 0.414594, 0.414451, 0.41443, 0.413321, 0.4133, 0.412805, 0.412804, 0.412296, 0.41218, 0.411764, 0.410945, 0.410918, 0.410589, 0.410397, 0.41005, 0.409764, 0.409193, 0.4091, 0.408772, 0.408621, 0.408386, 0.408134, 0.407461, 0.407294, 0.4071, 0.407054, 0.407, 0.406917, 0.406853, 0.406449, 0.406442, 0.406423, 0.406199, 0.406196, 0.406066, 0.406, 0.405696, 0.405426, 0.405093, 0.405, 0.4047, 0.404682, 0.4044, 0.404393, 0.404391, 0.404226, 0.404216, 0.404016, 0.403998, 0.403971, 0.40365, 0.403649, 0.403599, 0.40334, 0.403317, 0.402859, 0.402784, 0.402481, 0.402446, 0.402369, 0.402174, 0.402121, 0.402065, 0.402, 0.401983, 0.401849, 0.4017, 0.401595, 0.401583, 0.40071], 'bid_size': [800.0, 3595.462, 5000.0, 2631.744, 2299.0, 3596.807, 3597.544, 830.944, 550.0, 2297.0, 3593.458, 3600.227, 1512.014, 500.0, 2502.74, 3601.781, 660.0, 5004.935, 12799.965, 680.01, 2895.447, 3604.049, 4305.126, 1000.0, 14331.45, 11934.774, 434.681, 6926.54, 1741.022, 17560.83, 8600.0, 3050.618, 11829.511, 4369.847, 8801.649, 36258.638, 71.113, 86.623, 22.334, 37.527, 6061.032, 119.464, 71.497, 22.431, 64.77, 87.159, 248.164, 331.854, 2895.447, 22.528, 71.883, 28.074, 122.712, 49.105, 120.585, 36.851, 688.1, 299.816, 22.626, 123.017, 123.019, 73.815, 38.041, 72.27, 65.406, 2500.0, 68.237, 123.328, 22.725, 4803.704, 176.693, 301.472, 11795.274, 2165.243, 74.186, 10904.497, 123.697, 72.66, 126.366, 49.509, 763.353, 12902.653, 1512.014, 22.823, 121.716, 336.995, 63.374, 37.269, 303.147, 74.559, 5980.089, 66.047, 28.498, 36000.0, 124.384, 73.052, 81.129, 22.923, 15786.769, 38.562], 'spread': [6.5e-05, 0.000279, 0.000332, 0.000469, 0.000524, 0.000575, 0.000691, 0.000946, 0.001026, 0.001042, 0.001054, 0.001118, 0.001188, 0.00127, 0.001325, 0.001356, 0.001521, 0.00173, 0.001761, 0.00187, 0.001946, 0.001959, 0.002129, 0.002232, 0.00257, 0.002656, 0.002853, 0.002895, 0.003627, 0.003955, 0.004429, 0.004593, 0.005015, 0.006155, 0.006661, 0.007183, 0.007404, 0.008431, 0.008677, 0.009558, 0.010729, 0.010757, 0.011107, 0.011315, 0.011784, 0.012371, 0.013044, 0.013456, 0.014354, 0.01475, 0.01524, 0.015792, 0.016466, 0.016887, 0.017292, 0.017404, 0.018409, 0.018694, 0.019383, 0.019902, 0.019937, 0.020123, 0.020909, 0.021056, 0.021231, 0.021703, 0.022207, 0.022662, 0.023107, 0.023468, 0.024483, 0.024905, 0.025191, 0.025214, 0.025409, 0.025703, 0.025732, 0.025994, 0.026275, 0.026436, 0.026773, 0.026912, 0.027015, 0.027469, 0.027758, 0.028273, 0.029032, 0.029355, 0.029471, 0.029599, 0.029825, 0.029898, 0.030044, 0.03033, 0.030415, 0.030675, 0.030825, 0.032097, 0.032447, 0.03339], 'closing_price': 0.416354, 'mid_price': 0.417062, 'vwap': 0.417167, 'levels': 100}"
